<?xml version='1.0' encoding='utf-8'?>
<widget id="io.cordova.helloCordova" version="2.0.0" xmlns="http://www.w3.org/ns/widgets">
    <name>Hello Cordova</name>
    <description>
        A sample Apache Cordova application that responds to the deviceready event.
    </description>
    <author email="dev@cordova.apache.org" href="http://cordova.io">
        Apache Cordova Team
    </author>
    <content src="index.html" />
    <feature name="LocalStorage">
        <param name="ios-package" value="CDVLocalStorage" />
    </feature>
    <access origin="*" />
    <preference name="KeyboardDisplayRequiresUserAction" value="true" />
    <preference name="SuppressesIncrementalRendering" value="false" />
    <preference name="UIWebViewBounce" value="true" />
    <preference name="TopActivityIndicator" value="gray" />
    <preference name="EnableLocation" value="false" />
    <preference name="EnableViewportScale" value="false" />
    <preference name="AutoHideSplashScreen" value="true" />
    <preference name="ShowSplashScreenSpinner" value="true" />
    <preference name="MediaPlaybackRequiresUserAction" value="false" />
    <preference name="AllowInlineMediaPlayback" value="false" />
    <preference name="OpenAllWhitelistURLsInWebView" value="false" />
    <preference name="BackupWebStorage" value="cloud" />
    <preference name="fullscreen" value="true" />
    <preference name="webviewbounce" value="true" />
</widget>
